Code,Name,Geography,Area (sq km),Estimated Population mid-2021,2021 people per sq. km,Estimated Population mid-2011,2011 people per sq. km,Estimated Population mid-2001,2001 people per sq. km
K02000001,UNITED KINGDOM,Country,242.740.870,67.026.292,276,63.285.145,261,59.113.016,244
K03000001,GREAT BRITAIN,Country,228.947.919,65.121.729,284,61.470.827,268,57.424.178,251
K04000001,ENGLAND AND WALES,Country,151.046.988,59.641.829,395,56.170.927,372,52.359.978,347
E92000001,ENGLAND,Country,130.310.470,56.536.419,434,53.107.169,408,49.449.746,379
E12000001,NORTH EAST,Region,8.580.786,2.646.772,308,2.596.441,303,2.540.090,296
E06000047,County Durham,Unitary Authority,2.225.861,521.346,234,512.994,230,493.678,222
E06000005,Darlington,Unitary Authority,197.478,108.222,548,105.584,535,97.894,496
E06000001,Hartlepool,Unitary Authority,93.717,92.571,988,92.088,983,90.152,962
E06000002,Middlesbrough,Unitary Authority,53.882,143.734,2668,138.368,2568,141.233,2621
E06000057,Northumberland,Unitary Authority,5.019.898,321.558,64,316.278,63,307.363,61
E06000003,Redcar and Cleveland,Unitary Authority,245.07,136.616,557,135.164,552,139.159,568
E06000004,Stockton-on-Tees,Unitary Authority,204.933,197.03,961,191.824,936,183.795,897
E11000007,Tyne and Wear (Met County),Metropolitan County,539.948,1.125.695,2085,1.104.141,2045,1.086.816,2013
E08000037,Gateshead,Metropolitan District,142.339,196.154,1378,200.349,1408,191.178,1343
E08000021,Newcastle upon Tyne,Metropolitan District,113.452,298.264,2629,279.092,2460,266.241,2347
E08000022,North Tyneside,Metropolitan District,82.301,209.151,2541,201.206,2445,192.003,2333
E08000023,South Tyneside,Metropolitan District,64.421,147.915,2296,148.164,2300,152.793,2372
E08000024,Sunderland,Metropolitan District,137.436,274.211,1995,275.33,2003,284.601,2071
E12000002,NORTH WEST,Region,14.108.007,7.422.295,526,7.055.961,500,6.772.985,480
E06000008,Blackburn with Darwen,Unitary Authority,137.022,154.922,1131,147.657,1078,138.453,1010
E06000009,Blackpool,Unitary Authority,34.871,140.954,4042,142.08,4074,142.27,4080
E06000049,Cheshire East,Unitary Authority,1.166.358,400.528,343,370.736,318,352.104,302
E06000050,Cheshire West and Chester,Unitary Authority,920.018,357.699,389,329.526,358,322.154,350
E06000006,Halton,Unitary Authority,79.084,128.577,1626,125.722,1590,118.559,1499
E06000007,Warrington,Unitary Authority,180.628,211.227,1169,202.709,1122,191.202,1059
E10000006,Cumbria,County,6.767.947,500.821,74,499.817,74,487.795,72
E07000026,Allerdale,Non-metropolitan District,1.242.150,96.384,78,96.444,78,93.544,75
E07000027,Barrow-in-Furness,Non-metropolitan District,77.897,67.375,865,69.056,887,71.96,924
E07000028,Carlisle,Non-metropolitan District,1.038.297,110.255,106,107.475,104,100.764,97
E07000029,Copeland,Non-metropolitan District,731.761,67.176,92,70.627,97,69.251,95
E07000030,Eden,Non-metropolitan District,2.142.376,54.955,26,52.502,25,49.879,23
E07000031,South Lakeland,Non-metropolitan District,1.535.466,104.676,68,103.713,68,102.397,67
E11000001,Greater Manchester (Met County),Metropolitan County,1.275.982,2.868.387,2248,2.685.386,2105,2.516.096,1972
E08000001,Bolton,Metropolitan District,139.792,296.041,2118,277.296,1984,261.302,1869
E08000002,Bury,Metropolitan District,99.46,193.823,1949,185.422,1864,180.655,1816
E08000003,Manchester,Metropolitan District,115.648,549.853,4755,502.902,4349,422.915,3657
E08000004,Oldham,Metropolitan District,142.345,242.072,1701,225.157,1582,218.537,1535
E08000005,Rochdale,Metropolitan District,158.128,224.087,1417,211.929,1340,206.44,1306
E08000006,Salford,Metropolitan District,97.197,270.764,2786,234.487,2412,216.978,2232
E08000007,Stockport,Metropolitan District,126.04,295.243,2342,283.253,2247,284.557,2258
E08000008,Tameside,Metropolitan District,103.154,231.199,2241,219.727,2130,213.087,2066
E08000009,Trafford,Metropolitan District,106.045,235.546,2221,227.091,2141,210.172,1982
E08000010,Wigan,Metropolitan District,188.171,329.759,1752,318.122,1691,301.453,1602
E10000017,Lancashire,County,2.893.903,1.236.035,427,1.171.558,405,1.136.542,393
E07000117,Burnley,Non-metropolitan District,110.684,94.721,856,87.032,786,89.521,809
E07000118,Chorley,Non-metropolitan District,202.762,117.937,582,107.591,531,100.559,496
E07000119,Fylde,Non-metropolitan District,165.697,81.845,494,76.098,459,73.34,443
E07000120,Hyndburn,Non-metropolitan District,73.006,82.261,1127,80.549,1103,81.495,1116
E07000121,Lancaster,Non-metropolitan District,566.932,142.162,251,137.823,243,134.049,236
E07000122,Pendle,Non-metropolitan District,169.38,95.789,566,89.576,529,89.277,527
E07000123,Preston,Non-metropolitan District,142.284,147.617,1037,140.054,984,130.372,916
E07000124,Ribble Valley,Non-metropolitan District,583.177,61.907,106,57.292,98,54.053,93
E07000125,Rossendale,Non-metropolitan District,138.041,71.01,514,68.053,493,65.647,476
E07000126,South Ribble,Non-metropolitan District,113.142,111.204,983,109.181,965,103.949,919
E07000127,West Lancashire,Non-metropolitan District,346.633,117.125,338,110.617,319,108.48,313
E07000128,Wyre,Non-metropolitan District,282.164,112.457,399,107.692,382,105.8,375
E11000002,Merseyside (Met County),Metropolitan County,652.195,1.423.145,2182,1.380.770,2117,1.367.810,2097
E08000011,Knowsley,Metropolitan District,86.5,154.974,1792,145.903,1687,151.238,1748
E08000012,Liverpool,Metropolitan District,111.836,484.488,4332,465.656,4164,441.858,3951
E08000014,Sefton,Metropolitan District,156.578,279.692,1786,273.969,1750,282.884,1807
E08000013,St. Helens,Metropolitan District,136.359,183.391,1345,175.405,1286,176.826,1297
E08000015,Wirral,Metropolitan District,160.922,320.6,1992,319.837,1988,315.004,1957
E12000003,YORKSHIRE AND THE HUMBER,Region,15.404.457,5.481.431,356,5.288.212,343,4.976.643,323
E06000011,East Riding of Yorkshire,Unitary Authority,2.403.599,343.143,143,334.673,139,314.854,131
E06000010,"Kingston upon Hull, City of",Unitary Authority,71.584,266.463,3722,256.123,3578,249.913,3491
E06000012,North East Lincolnshire,Unitary Authority,192.623,157.197,816,159.735,829,157.951,820
E06000013,North Lincolnshire,Unitary Authority,846.54,169.94,201,167.516,198,152.964,181
E06000014,York,Unitary Authority,271.931,201.672,742,197.783,727,181.291,667
E10000023,North Yorkshire,County,8.037.372,618.847,77,601.206,75,570.094,71
E07000163,Craven,Non-metropolitan District,1.177.388,57.09,48,55.459,47,53.706,46
E07000164,Hambleton,Non-metropolitan District,1.311.256,91.037,69,89.602,68,84.168,64
E07000165,Harrogate,Non-metropolitan District,1.307.938,164.105,125,158.683,121,151.467,116
E07000166,Richmondshire,Non-metropolitan District,1.318.703,50.358,38,53.287,40,47.067,36
E07000167,Ryedale,Non-metropolitan District,1.506.531,54.897,36,51.893,34,50.91,34
E07000168,Scarborough,Non-metropolitan District,816.241,108.959,133,108.735,133,106.221,130
E07000169,Selby,Non-metropolitan District,599.316,92.401,154,83.547,139,76.555,128
E11000003,South Yorkshire (Met County),Metropolitan County,1.551.549,1.374.182,886,1.343.805,866,1.266.475,816
E08000016,Barnsley,Metropolitan District,329.078,244.893,744,231.865,705,218.124,663
E08000017,Doncaster,Metropolitan District,568.006,308.705,543,302.468,533,286.9,505
E08000018,Rotherham,Metropolitan District,286.534,266.183,929,257.716,899,248.349,867
E08000019,Sheffield,Metropolitan District,367.93,554.401,1507,551.756,1500,513.102,1395
E11000006,West Yorkshire (Met County),Metropolitan County,2.029.259,2.349.987,1158,2.227.371,1098,2.083.101,1027
E08000032,Bradford,Metropolitan District,366.42,546.976,1493,523.115,1428,470.753,1285
E08000033,Calderdale,Metropolitan District,363.961,206.818,568,204.17,561,192.379,529
E08000034,Kirklees,Metropolitan District,408.552,433.355,1061,422.97,1035,388.98,952
E08000035,Leeds,Metropolitan District,551.707,809.036,1466,750.683,1361,715.609,1297
E08000036,Wakefield,Metropolitan District,338.62,353.802,1045,326.433,964,315.38,931
E12000004,EAST MIDLANDS,Region,15.623.522,4.880.094,312,4.537.448,290,4.189.622,268
E06000015,Derby,Unitary Authority,78.031,261.136,3347,248.943,3190,230.726,2957
E06000016,Leicester,Unitary Authority,73.342,366.018,4991,329.627,4494,282.757,3855
E06000061,North Northamptonshire,Unitary Authority,986.595,360.381,365,317.959,322,285.093,289
E06000018,Nottingham,Unitary Authority,74.613,319.566,4283,303.899,4073,268.939,3604
E06000017,Rutland,Unitary Authority,381.831,41.381,108,37.581,98,34.598,91
E06000062,West Northamptonshire,Unitary Authority,1.377.411,426.462,310,376.008,273,345.893,251
E10000007,Derbyshire,County,2.546.756,796.847,313,770.688,303,734.888,289
E07000032,Amber Valley,Non-metropolitan District,265.438,126.489,477,122.521,462,116.56,439
E07000033,Bolsover,Non-metropolitan District,160.335,80.476,502,76.029,474,71.887,448
E07000034,Chesterfield,Non-metropolitan District,66.035,103.672,1570,103.788,1572,98.832,1497
E07000035,Derbyshire Dales,Non-metropolitan District,792.424,71.681,90,71.104,90,69.418,88
E07000036,Erewash,Non-metropolitan District,109.63,113.047,1031,112.249,1024,110.126,1005
E07000037,High Peak,Non-metropolitan District,539.143,91.104,169,90.982,169,89.4,166
E07000038,North East Derbyshire,Non-metropolitan District,275.623,102.315,371,99.1,360,96.927,352
E07000039,South Derbyshire,Non-metropolitan District,338.127,108.063,320,94.915,281,81.738,242
E10000018,Leicestershire,County,2.082.894,712.572,342,651.179,313,610.279,293
E07000129,Blaby,Non-metropolitan District,130.469,103.271,792,94.132,721,90.361,693
E07000130,Charnwood,Non-metropolitan District,279.043,182.817,655,165.876,594,153.554,550
E07000131,Harborough,Non-metropolitan District,591.797,98.287,166,85.699,145,76.818,130
E07000132,Hinckley and Bosworth,Non-metropolitan District,297.351,113.66,382,105.328,354,100.202,337
E07000133,Melton,Non-metropolitan District,481.381,51.773,108,50.495,105,47.875,99
E07000134,North West Leicestershire,Non-metropolitan District,279.328,105.011,376,93.67,335,85.678,307
E07000135,Oadby and Wigston,Non-metropolitan District,23.526,57.753,2455,55.979,2379,55.791,2371
E10000019,Lincolnshire,County,5.937.338,769.474,130,714.768,120,647.64,109
E07000136,Boston,Non-metropolitan District,364.009,70.798,194,64.615,178,55.802,153
E07000137,East Lindsey,Non-metropolitan District,1.766.773,142.951,81,136.683,77,130.654,74
E07000138,Lincoln,Non-metropolitan District,35.69,102.33,2867,93.085,2608,85.584,2398
E07000139,North Kesteven,Non-metropolitan District,922.471,118.553,129,108.518,118,94.378,102
E07000140,South Holland,Non-metropolitan District,750.076,95.485,127,88.39,118,76.714,102
E07000141,South Kesteven,Non-metropolitan District,942.586,143.787,153,134.125,142,124.877,132
E07000142,West Lindsey,Non-metropolitan District,1.155.732,95.57,83,89.352,77,79.631,69
E10000024,Nottinghamshire,County,2.084.711,826.257,396,786.796,377,748.809,359
E07000170,Ashfield,Non-metropolitan District,109.558,126.372,1153,119.522,1091,111.477,1018
E07000171,Bassetlaw,Non-metropolitan District,637.803,118.351,186,113.003,177,107.843,169
E07000172,Broxtowe,Non-metropolitan District,80.099,110.813,1383,109.749,1370,107.481,1342
E07000173,Gedling,Non-metropolitan District,119.982,117.298,978,113.741,948,111.812,932
E07000174,Mansfield,Non-metropolitan District,76.697,110.602,1442,104.551,1363,98.065,1279
E07000175,Newark and Sherwood,Non-metropolitan District,651.34,123.383,189,114.982,177,106.351,163
E07000176,Rushcliffe,Non-metropolitan District,409.232,119.438,292,111.248,272,105.78,258
E12000005,WEST MIDLANDS,Region,12.998.266,5.954.240,458,5.608.667,431,5.280.727,406
E06000019,"Herefordshire, County of",Unitary Authority,2.179.709,187.557,86,183.619,84,174.885,80
E06000051,Shropshire,Unitary Authority,3.197.276,324.716,102,307.108,96,283.254,89
E06000021,Stoke-on-Trent,Unitary Authority,93.448,258.037,2761,248.719,2662,240.422,2573
E06000020,Telford and Wrekin,Unitary Authority,290.314,185.842,640,166.831,575,158.573,546
E10000028,Staffordshire,County,2.620.289,877.856,335,849.546,324,807.152,308
E07000192,Cannock Chase,Non-metropolitan District,78.882,100.59,1275,97.582,1237,92.165,1168
E07000193,East Staffordshire,Non-metropolitan District,386.96,124.477,322,113.858,294,103.938,269
E07000194,Lichfield,Non-metropolitan District,331.294,106.909,323,100.911,305,93.229,281
E07000195,Newcastle-under-Lyme,Non-metropolitan District,210.957,123.025,583,123.878,587,122.015,578
E07000196,South Staffordshire,Non-metropolitan District,407.322,110.793,272,108.318,266,105.942,260
E07000197,Stafford,Non-metropolitan District,598.172,137.231,229,130.895,219,120.712,202
E07000198,Staffordshire Moorlands,Non-metropolitan District,575.85,95.993,167,97.209,169,94.555,164
E07000199,Tamworth,Non-metropolitan District,30.851,78.838,2555,76.895,2492,74.596,2418
E10000031,Warwickshire,County,1.975.077,599.153,303,546.554,277,506.193,256
E07000218,North Warwickshire,Non-metropolitan District,284.261,65.34,230,62.089,218,61.788,217
E07000219,Nuneaton and Bedworth,Non-metropolitan District,78.95,134.291,1701,125.409,1588,119.239,1510
E07000220,Rugby,Non-metropolitan District,351.113,114.829,327,100.496,286,87.52,249
E07000221,Stratford-on-Avon,Non-metropolitan District,977.869,135.964,139,120.824,124,111.551,114
E07000222,Warwick,Non-metropolitan District,282.882,148.729,526,137.736,487,126.095,446
E11000005,West Midlands (Met County),Metropolitan County,901.64,2.916.132,3234,2.739.733,3039,2.568.015,2848
E08000025,Birmingham,Metropolitan District,267.791,1.142.494,4266,1.074.283,4012,984.642,3677
E08000026,Coventry,Metropolitan District,98.639,343.32,3481,316.915,3213,302.804,3070
E08000027,Dudley,Metropolitan District,97.958,323.581,3303,313.261,3198,305.052,3114
E08000028,Sandwell,Metropolitan District,85.559,341.729,3994,309.042,3612,284.594,3326
E08000029,Solihull,Metropolitan District,178.282,216.666,1215,206.856,1160,199.574,1119
E08000030,Walsall,Metropolitan District,103.973,284.306,2734,269.524,2592,253.333,2437
E08000031,Wolverhampton,Metropolitan District,69.436,264.036,3803,249.852,3598,238.016,3428
E10000034,Worcestershire,County,1.740.514,604.947,348,566.557,326,542.233,312
E07000234,Bromsgrove,Non-metropolitan District,216.968,99.475,458,93.732,432,87.904,405
E07000235,Malvern Hills,Non-metropolitan District,577.071,79.973,139,74.706,129,72.171,125
E07000236,Redditch,Non-metropolitan District,54.251,86.996,1604,84.318,1554,78.779,1452
E07000237,Worcester,Non-metropolitan District,33.278,103.617,3114,98.679,2965,93.369,2806
E07000238,Wychavon,Non-metropolitan District,663.542,133.1,201,117.074,176,113.081,170
E07000239,Wyre Forest,Non-metropolitan District,195.404,101.786,521,98.048,502,96.929,496
E12000006,EAST,Region,19.115.593,6.348.096,332,5.862.418,307,5.400.463,283
E06000055,Bedford,Unitary Authority,476.408,185.761,390,157.84,331,148.113,311
E06000056,Central Bedfordshire,Unitary Authority,715.666,295.541,413,255.644,357,234.006,327
E06000032,Luton,Unitary Authority,43.352,224.826,5186,203.641,4697,185.889,4288
E06000031,Peterborough,Unitary Authority,343.378,216.349,630,184.457,537,157.439,459
E06000033,Southend-on-Sea,Unitary Authority,41.674,180.601,4334,174.274,4182,160.362,3848
E06000034,Thurrock,Unitary Authority,163.837,175.902,1074,158.268,966,143.297,875
E10000003,Cambridgeshire,County,3.046.236,680.407,223,622.312,204,554.704,182
E07000008,Cambridge,Non-metropolitan District,40.699,144.714,3556,122.725,3015,109.941,2701
E07000009,East Cambridgeshire,Non-metropolitan District,651.286,88.145,135,84.245,129,73.411,113
E07000010,Fenland,Non-metropolitan District,546.45,102.742,188,95.461,175,83.687,153
E07000011,Huntingdonshire,Non-metropolitan District,906.176,181.804,201,170.039,188,157.189,173
E07000012,South Cambridgeshire,Non-metropolitan District,901.625,163.002,181,149.842,166,130.476,145
E10000012,Essex,County,3.458.426,1.506.345,436,1.396.599,404,1.312.599,380
E07000066,Basildon,Non-metropolitan District,110.001,187.659,1706,174.971,1591,165.895,1508
E07000067,Braintree,Non-metropolitan District,611.708,155.71,255,147.514,241,132.482,217
E07000068,Brentwood,Non-metropolitan District,153.124,77.103,504,73.841,482,68.483,447
E07000069,Castle Point,Non-metropolitan District,44.674,89.708,2008,87.964,1969,86.673,1940
E07000070,Chelmsford,Non-metropolitan District,338.758,181.763,537,168.491,497,157.269,464
E07000071,Colchester,Non-metropolitan District,328.224,192.424,586,173.614,529,156.016,475
E07000072,Epping Forest,Non-metropolitan District,338.984,134.909,398,124.88,368,120.972,357
E07000073,Harlow,Non-metropolitan District,30.538,93.374,3058,82.177,2691,78.799,2580
E07000074,Maldon,Non-metropolitan District,357.816,66.627,186,61.72,172,59.589,167
E07000075,Rochford,Non-metropolitan District,167.093,86.186,516,83.333,499,78.65,471
E07000076,Tendring,Non-metropolitan District,336.324,148.934,443,138.062,411,138.802,413
E07000077,Uttlesford,Non-metropolitan District,641.183,91.948,143,80.032,125,68.969,108
E10000015,Hertfordshire,County,1.643.065,1.200.620,731,1.119.824,682,1.035.523,630
E07000095,Broxbourne,Non-metropolitan District,51.442,99.138,1927,93.702,1822,87.203,1695
E07000096,Dacorum,Non-metropolitan District,212.477,155.217,731,145.298,684,137.843,649
E07000242,East Hertfordshire,Non-metropolitan District,475.67,150.687,317,138.155,290,129.145,272
E07000098,Hertsmere,Non-metropolitan District,101.128,108.105,1069,100.379,993,94.466,934
E07000099,North Hertfordshire,Non-metropolitan District,375.382,133.571,356,127.494,340,117.051,312
E07000240,St Albans,Non-metropolitan District,161.206,148.641,922,141.248,876,129.168,801
E07000243,Stevenage,Non-metropolitan District,25.969,89.32,3439,84.247,3244,79.794,3073
E07000102,Three Rivers,Non-metropolitan District,88.824,93.952,1058,87.921,990,82.905,933
E07000103,Watford,Non-metropolitan District,21.43,102.451,4781,90.653,4230,80.398,3752
E07000241,Welwyn Hatfield,Non-metropolitan District,129.537,119.538,923,110.727,855,97.55,753
E10000020,Norfolk,County,5.383.580,918.369,171,859.426,160,798.618,148
E07000143,Breckland,Non-metropolitan District,1.305.117,142.164,109,131.009,100,121.585,93
E07000144,Broadland,Non-metropolitan District,552.061,132.247,240,124.74,226,118.814,215
E07000145,Great Yarmouth,Non-metropolitan District,174.314,100.146,575,97.424,559,90.945,522
E07000146,King's Lynn and West Norfolk,Non-metropolitan District,1.439.522,154.91,108,147.936,103,135.565,94
E07000147,North Norfolk,Non-metropolitan District,965.967,103.257,107,101.664,105,98.495,102
E07000148,Norwich,Non-metropolitan District,39.022,143.118,3668,132.158,3387,122.366,3136
E07000149,South Norfolk,Non-metropolitan District,907.577,142.527,157,124.495,137,110.848,122
E10000029,Suffolk,County,3.799.970,763.375,201,730.133,192,669.913,176
E07000200,Babergh,Non-metropolitan District,593.724,92.723,156,87.901,148,83.538,141
E07000244,East Suffolk,Non-metropolitan District,1.260.990,246.801,196,239.946,190,227.736,181
E07000202,Ipswich,Non-metropolitan District,39.51,139.614,3534,133.729,3385,117.156,2965
E07000203,Mid Suffolk,Non-metropolitan District,871.071,103.417,119,97.076,111,87.015,100
E07000245,West Suffolk,Non-metropolitan District,1.034.676,180.82,175,171.481,166,154.468,149
E12000007,LONDON,Region,1.572.031,8.796.628,5596,8.204.407,5219,7.322.403,4658
E09000007,Camden,London Borough,21.778,210.39,9660,220.087,10106,202.567,9301
E09000001,City of London,London Borough,2.89,8.618,2982,7.412,2565,7.359,2547
E09000012,Hackney,London Borough,19.044,259.956,13650,247.182,12980,207.246,10882
E09000013,Hammersmith and Fulham,London Borough,16.404,183.295,11174,182.445,11122,169.374,10325
E09000014,Haringey,London Borough,29.606,264.13,8922,255.54,8631,221.251,7473
E09000019,Islington,London Borough,14.858,216.767,14589,206.285,13884,179.387,12073
E09000020,Kensington and Chelsea,London Borough,12.124,143.94,11873,158.251,13053,162.199,13379
E09000022,Lambeth,London Borough,26.807,317.498,11844,304.481,11358,273.372,10198
E09000023,Lewisham,London Borough,35.146,299.81,8530,276.938,7880,254.336,7237
E09000025,Newham,London Borough,36.196,350.626,9687,310.46,8577,249.411,6891
E09000028,Southwark,London Borough,28.878,306.374,10609,288.717,9998,256.712,8890
E09000030,Tower Hamlets,London Borough,19.771,312.273,15794,256.012,12949,201.09,10171
E09000032,Wandsworth,London Borough,34.262,328.367,9584,307.71,8981,271.742,7931
E09000033,Westminster,London Borough,21.483,205.087,9547,219.582,10221,203.329,9465
E09000002,Barking and Dagenham,London Borough,36.101,218.534,6053,187.029,5181,165.654,4589
E09000003,Barnet,London Borough,86.767,388.639,4479,357.538,4121,319.481,3682
E09000004,Bexley,London Borough,60.578,246.543,4070,232.774,3843,218.757,3611
E09000005,Brent,London Borough,43.236,338.918,7839,312.245,7222,269.62,6236
E09000006,Bromley,London Borough,150.133,329.83,2197,310.554,2069,296.218,1973
E09000008,Croydon,London Borough,86.489,390.506,4515,364.815,4218,335.112,3875
E09000009,Ealing,London Borough,55.542,366.127,6592,339.314,6109,307.276,5532
E09000010,Enfield,London Borough,80.821,329.601,4078,313.935,3884,277.266,3431
E09000011,Greenwich,London Borough,47.311,289.254,6114,255.483,5400,217.46,4596
E09000015,Harrow,London Borough,50.464,260.987,5172,240.499,4766,210.044,4162
E09000016,Havering,London Borough,112.344,262.022,2332,237.927,2118,224.717,2000
E09000017,Hillingdon,London Borough,115.704,304.792,2634,275.499,2381,245.616,2123
E09000018,Hounslow,London Borough,55.963,287.94,5145,254.927,4555,215.976,3859
E09000021,Kingston upon Thames,London Borough,37.259,167.845,4505,160.436,4306,149.045,4000
E09000024,Merton,London Borough,37.624,215.324,5723,200.543,5330,191.106,5079
E09000026,Redbridge,London Borough,56.397,309.836,5494,281.395,4990,241.893,4289
E09000027,Richmond upon Thames,London Borough,57.393,195.232,3402,187.527,3267,174.311,3037
E09000029,Sutton,London Borough,43.848,209.517,4778,191.123,4359,181.461,4138
E09000031,Waltham Forest,London Borough,38.81,278.05,7164,259.742,6693,222.015,5721
E12000008,SOUTH EAST,Region,19.071.851,9.294.023,487,8.652.784,454,8.023.449,421
E06000036,Bracknell Forest,Unitary Authority,109.384,125.174,1144,113.696,1039,109.65,1002
E06000043,Brighton and Hove,Unitary Authority,82.833,276.334,3336,272.952,3295,249.949,3018
E06000060,Buckinghamshire,Unitary Authority,1.564.938,555.257,355,506.55,324,479.131,306
E06000046,Isle of Wight,Unitary Authority,379.62,140.889,371,138.392,365,132.925,350
E06000035,Medway,Unitary Authority,193.714,279.827,1445,264.885,1367,249.704,1289
E06000042,Milton Keynes,Unitary Authority,308.627,288.201,934,249.895,810,212.707,689
E06000044,Portsmouth,Unitary Authority,40.382,206.828,5122,205.433,5087,188.043,4657
E06000038,Reading,Unitary Authority,40.389,173.17,4288,155.339,3846,144.684,3582
E06000039,Slough,Unitary Authority,32.542,158.289,4864,140.713,4324,120.577,3705
E06000045,Southampton,Unitary Authority,49.881,247.256,4957,235.87,4729,219.539,4401
E06000037,West Berkshire,Unitary Authority,704.183,161.865,230,154.148,219,144.494,205
E06000040,Windsor and Maidenhead,Unitary Authority,196.502,153.921,783,145.098,738,133.541,680
E06000041,Wokingham,Unitary Authority,178.969,178.169,996,154.943,866,150.334,840
E10000011,East Sussex,County,1.708.632,546.924,320,527.209,309,493.13,289
E07000061,Eastbourne,Non-metropolitan District,44.162,101.593,2300,99.308,2249,89.836,2034
E07000062,Hastings,Non-metropolitan District,29.796,90.959,3053,90.173,3026,85.392,2866
E07000063,Lewes,Non-metropolitan District,292.107,100.194,343,97.584,334,92.247,316
E07000064,Rother,Non-metropolitan District,509.441,93.429,183,90.729,178,85.471,168
E07000065,Wealden,Non-metropolitan District,833.126,160.749,193,149.415,179,140.184,168
E10000014,Hampshire,County,3.678.357,1.406.199,382,1.322.118,359,1.241.431,337
E07000084,Basingstoke and Deane,Non-metropolitan District,633.809,185.656,293,168.55,266,152.874,241
E07000085,East Hampshire,Non-metropolitan District,514.428,126.199,245,116.01,226,109.369,213
E07000086,Eastleigh,Non-metropolitan District,79.692,136.974,1719,125.852,1579,116.257,1459
E07000087,Fareham,Non-metropolitan District,74.253,114.993,1549,111.931,1507,108.152,1457
E07000088,Gosport,Non-metropolitan District,25.374,82.178,3239,82.669,3258,76.676,3022
E07000089,Hart,Non-metropolitan District,215.265,100.293,466,91.662,426,83.59,388
E07000090,Havant,Non-metropolitan District,55.741,124.47,2233,120.783,2167,116.886,2097
E07000091,New Forest,Non-metropolitan District,752.175,176.262,234,176.789,235,169.506,225
E07000092,Rushmoor,Non-metropolitan District,39.045,100.068,2563,94.354,2417,90.892,2328
E07000093,Test Valley,Non-metropolitan District,627.606,131.19,209,116.698,186,109.965,175
E07000094,Winchester,Non-metropolitan District,660.971,127.916,194,116.82,177,107.264,162
E10000016,Kent,County,3.544.394,1.578.519,445,1.466.466,414,1.331.194,376
E07000105,Ashford,Non-metropolitan District,580.617,133.178,229,118.405,204,103.024,177
E07000106,Canterbury,Non-metropolitan District,308.753,156.554,507,150.6,488,135.381,438
E07000107,Dartford,Non-metropolitan District,72.726,116.777,1606,97.604,1342,85.956,1182
E07000108,Dover,Non-metropolitan District,315.338,116.595,370,111.718,354,104.646,332
E07000112,Folkestone and Hythe,Non-metropolitan District,356.921,110.056,308,108.199,303,96.345,270
E07000109,Gravesham,Non-metropolitan District,98.991,106.838,1079,101.766,1028,95.791,968
E07000110,Maidstone,Non-metropolitan District,393.329,176.712,449,155.764,396,139.116,354
E07000111,Sevenoaks,Non-metropolitan District,369.231,120.841,327,115.351,312,109.242,296
E07000113,Swale,Non-metropolitan District,373.437,152.223,408,136.324,365,123.123,330
E07000114,Thanet,Non-metropolitan District,103.609,140.678,1358,134.402,1297,126.75,1223
E07000115,Tonbridge and Malling,Non-metropolitan District,240.114,132.386,551,121.087,504,107.771,449
E07000116,Tunbridge Wells,Non-metropolitan District,331.329,115.681,349,115.246,348,104.049,314
E10000025,Oxfordshire,County,2.604.936,726.53,279,654.791,251,607.277,233
E07000177,Cherwell,Non-metropolitan District,588.745,161.837,275,142.252,242,131.988,224
E07000178,Oxford,Non-metropolitan District,45.603,160.021,3509,150.245,3295,135.509,2971
E07000179,South Oxfordshire,Non-metropolitan District,678.501,150.024,221,134.961,199,128.307,189
E07000180,Vale of White Horse,Non-metropolitan District,577.664,139.487,241,121.891,211,115.772,200
E07000181,West Oxfordshire,Non-metropolitan District,714.422,115.161,161,105.442,148,95.701,134
E10000030,Surrey,County,1.662.518,1.205.616,725,1.135.367,683,1.060.163,638
E07000207,Elmbridge,Non-metropolitan District,95.052,139.369,1466,131.428,1383,122.709,1291
E07000208,Epsom and Ewell,Non-metropolitan District,34.079,80.998,2377,75.191,2206,67.077,1968
E07000209,Guildford,Non-metropolitan District,270.931,143.929,531,137.58,508,129.774,479
E07000210,Mole Valley,Non-metropolitan District,258.321,87.608,339,85.637,332,80.283,311
E07000211,Reigate and Banstead,Non-metropolitan District,129.144,151.423,1173,138.375,1071,126.661,981
E07000212,Runnymede,Non-metropolitan District,78.041,87.739,1124,80.501,1032,78.053,1000
E07000213,Spelthorne,Non-metropolitan District,44.888,102.995,2294,95.852,2135,90.404,2014
E07000214,Surrey Heath,Non-metropolitan District,95.093,90.645,953,86.378,908,80.309,845
E07000215,Tandridge,Non-metropolitan District,248.195,88.143,355,83.178,335,79.332,320
E07000216,Waverley,Non-metropolitan District,345.17,128.878,373,121.754,353,115.668,335
E07000217,Woking,Non-metropolitan District,63.603,103.889,1633,99.493,1564,89.893,1413
E10000032,West Sussex,County,1.991.052,885.055,445,808.919,406,754.976,379
E07000223,Adur,Non-metropolitan District,42.066,64.626,1536,61.334,1458,59.714,1420
E07000224,Arun,Non-metropolitan District,220.991,165.225,748,149.811,678,140.998,638
E07000225,Chichester,Non-metropolitan District,786.195,124.531,158,113.995,145,106.494,135
E07000226,Crawley,Non-metropolitan District,44.971,118.58,2637,107.053,2380,100.44,2233
E07000227,Horsham,Non-metropolitan District,530.279,147.487,278,131.54,248,122.272,231
E07000228,Mid Sussex,Non-metropolitan District,334.029,152.949,458,140.188,420,127.397,381
E07000229,Worthing,Non-metropolitan District,32.521,111.657,3433,104.998,3229,97.661,3003
E12000009,SOUTH WEST,Region,23.835.957,5.712.840,240,5.300.831,222,4.943.364,207
E06000022,Bath and North East Somerset,Unitary Authority,345.879,192.423,556,175.538,508,169.158,489
E06000058,"Bournemouth, Christchurch and Poole",Unitary Authority,162.07,400.109,2469,379.441,2341,346.829,2140
E06000023,"Bristol, City of",Unitary Authority,109.666,471.117,4296,428.074,3903,390.049,3557
E06000052,Cornwall,Unitary Authority,3.545.434,572.01,161,533.76,151,499.937,141
E06000059,Dorset,Unitary Authority,2.490.957,381.292,153,365.897,147,346.596,139
E06000053,Isles of Scilly,Unitary Authority,16.318,2.271,139,2.224,136,2.14,131
E06000024,North Somerset,Unitary Authority,373.749,217.399,582,203.091,543,188.84,505
E06000026,Plymouth,Unitary Authority,79.85,264.727,3315,256.589,3213,240.954,3018
E06000025,South Gloucestershire,Unitary Authority,497.051,290.736,585,263.417,530,245.985,495
E06000030,Swindon,Unitary Authority,230.093,233.713,1016,209.709,911,180.129,783
E06000027,Torbay,Unitary Authority,62.887,139.446,2217,131.193,2086,129.965,2067
E06000054,Wiltshire,Unitary Authority,3.255.338,513.411,158,474.319,146,433.508,133
E10000008,Devon,County,6.563.844,814.44,124,747.709,114,705.568,107
E07000040,East Devon,Non-metropolitan District,814.238,152.12,187,133.272,164,125.713,154
E07000041,Exeter,Non-metropolitan District,47.033,129.307,2749,117.063,2489,111.18,2364
E07000042,Mid Devon,Non-metropolitan District,912.901,83.186,91,77.936,85,69.887,77
E07000043,North Devon,Non-metropolitan District,1.085.892,99.435,92,93.976,87,87.674,81
E07000044,South Hams,Non-metropolitan District,886.547,89.213,101,83.563,94,81.929,92
E07000045,Teignbridge,Non-metropolitan District,673.76,135.216,201,124.271,184,121.167,180
E07000046,Torridge,Non-metropolitan District,983.8,68.475,70,63.973,65,59.129,60
E07000047,West Devon,Non-metropolitan District,1.159.672,57.488,50,53.655,46,48.889,42
E10000013,Gloucestershire,County,2.652.532,646.627,244,598.289,226,564.999,213
E07000078,Cheltenham,Non-metropolitan District,46.596,118.866,2551,115.645,2482,110.024,2361
E07000079,Cotswold,Non-metropolitan District,1.164.524,91.125,78,83.18,71,80.387,69
E07000080,Forest of Dean,Non-metropolitan District,525.902,87.14,166,82.2,156,80.057,152
E07000081,Gloucester,Non-metropolitan District,40.553,132.538,3268,121.921,3006,109.947,2711
E07000082,Stroud,Non-metropolitan District,460.542,121.529,264,113.074,246,108.06,235
E07000083,Tewkesbury,Non-metropolitan District,414.414,95.429,230,82.269,199,76.524,185
E10000027,Somerset,County,3.450.289,573.119,166,531.581,154,498.707,145
E07000187,Mendip,Non-metropolitan District,739.436,116.285,157,109.406,148,103.964,141
E07000188,Sedgemoor,Non-metropolitan District,564.224,125.752,223,114.919,204,106.03,188
E07000246,Somerset West and Taunton,Non-metropolitan District,1.187.577,157.909,133,145.143,122,137.654,116
E07000189,South Somerset,Non-metropolitan District,959.053,173.173,181,162.113,169,151.059,158
W92000004,WALES,Country,20.736.518,3.105.410,150,3.063.758,148,2.910.232,140
W06000001,Isle of Anglesey,Unitary Authority,712.065,68.944,97,69.913,98,67.806,95
W06000002,Gwynedd,Unitary Authority,2.535.143,117.072,46,121.523,48,116.844,46
W06000003,Conwy,Unitary Authority,1.125.823,114.828,102,115.326,102,109.674,97
W06000004,Denbighshire,Unitary Authority,836.917,96.046,115,93.919,112,93.07,111
W06000005,Flintshire,Unitary Authority,439.83,155.076,353,152.666,347,148.629,338
W06000006,Wrexham,Unitary Authority,503.774,135.132,268,135.07,268,128.54,255
W06000023,Powys,Unitary Authority,5.180.671,133.557,26,133.071,26,126.398,24
W06000008,Ceredigion,Unitary Authority,1.784.981,70.658,40,75.293,42,75.417,42
W06000009,Pembrokeshire,Unitary Authority,1.618.345,123.669,76,122.613,76,113.058,70
W06000010,Carmarthenshire,Unitary Authority,2.370.276,188.191,79,183.961,78,173.652,73
W06000011,Swansea,Unitary Authority,377.614,237.834,630,238.691,632,223.463,592
W06000012,Neath Port Talbot,Unitary Authority,441.245,141.931,322,139.88,317,134.38,305
W06000013,Bridgend,Unitary Authority,250.785,145.76,581,139.41,556,128.735,513
W06000014,Vale of Glamorgan,Unitary Authority,331.149,132.534,400,126.679,383,119.277,360
W06000015,Cardiff,Unitary Authority,140.914,359.512,2551,345.442,2451,310.088,2201
W06000016,Rhondda Cynon Taf,Unitary Authority,424.15,237.497,560,234.373,553,231.91,547
W06000024,Merthyr Tydfil,Unitary Authority,111.446,58.866,528,58.851,528,56.207,504
W06000018,Caerphilly,Unitary Authority,277.388,176.005,635,178.782,645,169.546,611
W06000019,Blaenau Gwent,Unitary Authority,108.728,66.993,616,69.812,642,70,644
W06000020,Torfaen,Unitary Authority,125.699,92.453,736,91.19,725,90.912,723
W06000021,Monmouthshire,Unitary Authority,849.143,93.194,110,91.508,108,84.984,100
W06000022,Newport,Unitary Authority,190.431,159.658,838,145.785,766,137.642,723
S92000003,SCOTLAND,Country,77.900.932,5.479.900,70,5.299.900,68,5.064.200,65
S12000033,Aberdeen City,Council Area,185.566,227.43,1226,222.46,1199,211.91,1142
S12000034,Aberdeenshire,Council Area,6.312.633,262.69,42,253.65,40,226.94,36
S12000041,Angus,Council Area,2.181.452,116.12,53,116.2,53,108.37,50
S12000035,Argyll and Bute,Council Area,6.906.823,86.22,12,88.93,13,91.3,13
S12000036,City of Edinburgh,Council Area,263.391,526.47,1999,477.94,1815,449.02,1705
S12000005,Clackmannanshire,Council Area,159.185,51.54,324,51.5,324,48.07,302
S12000006,Dumfries and Galloway,Council Area,6.425.834,148.79,23,151.41,24,147.78,23
S12000042,Dundee City,Council Area,59.801,147.72,2470,147.2,2462,145.46,2432
S12000008,East Ayrshire,Council Area,1.262.128,122.02,97,122.69,97,120.31,95
S12000045,East Dunbartonshire,Council Area,174.489,108.9,624,105,602,108.25,620
S12000010,East Lothian,Council Area,679.241,109.58,161,99.92,147,90.18,133
S12000011,East Renfrewshire,Council Area,174.25,96.58,554,90.81,521,89.41,513
S12000014,Falkirk,Council Area,297.128,160.7,541,156.25,526,145.27,489
S12000047,Fife,Council Area,1.325.190,374.73,283,365.3,276,349.77,264
S12000049,Glasgow City,Council Area,174.621,635.13,3637,593.06,3396,578.71,3314
S12000017,Highland,Council Area,25.653.092,238.06,9,232.73,9,208.92,8
S12000018,Inverclyde,Council Area,160.439,76.7,478,81.22,506,84.15,524
S12000019,Midlothian,Council Area,353.682,94.68,268,83.45,236,80.95,229
S12000020,Moray,Council Area,2.237.554,96.41,43,93.47,42,87,39
S12000013,Na h-Eileanan Siar,Council Area,3.055.536,26.64,9,27.69,9,26.45,9
S12000021,North Ayrshire,Council Area,885.285,134.22,152,138.09,156,135.82,153
S12000050,North Lanarkshire,Council Area,470.002,341.4,726,337.72,719,321.18,683
S12000023,Orkney Islands,Council Area,990.489,22.54,23,21.42,22,19.22,19
S12000048,Perth and Kinross,Council Area,5.285.605,153.81,29,146.85,28,134.95,26
S12000038,Renfrewshire,Council Area,261.488,179.94,688,174.7,668,172.85,661
S12000026,Scottish Borders,Council Area,4.731.764,116.02,25,113.88,24,106.95,23
S12000027,Shetland Islands,Council Area,1.467.478,22.94,16,23.24,16,21.96,15
S12000028,South Ayrshire,Council Area,1.222.228,112.45,92,112.98,92,112.16,92
S12000029,South Lanarkshire,Council Area,1.771.893,322.63,182,313.9,177,302.34,171
S12000030,Stirling,Council Area,2.186.157,93.47,43,90.33,41,86.2,39
S12000039,West Dunbartonshire,Council Area,158.766,87.79,553,90.61,571,93.32,588
S12000040,West Lothian,Council Area,427.743,185.58,434,175.3,410,159.03,372
N92000002,NORTHERN IRELAND,Country,13.546.654,1.904.563,141,1.814.318,134,1.688.838,125
N09000001,Antrim and Newtownabbey,Local Government District,571.432,145.852,255,138.651,243,128.76,225
N09000011,Ards and North Down,Local Government District,458.348,163.827,357,156.943,342,149.559,326
N09000002,"Armagh City, Banbridge and Craigavon",Local Government District,1.331.675,219.127,165,200.298,150,176.014,132
N09000003,Belfast,Local Government District,132.964,345.006,2595,333.895,2511,328.695,2472
N09000004,Causeway Coast and Glens,Local Government District,1.979.582,141.664,72,140.907,71,131.374,66
N09000005,Derry City and Strabane,Local Government District,1.237.300,150.834,122,148.191,120,143.81,116
N09000006,Fermanagh and Omagh,Local Government District,2.835.939,116.926,41,113.501,40,105.751,37
N09000007,Lisburn and Castlereagh,Local Government District,503.576,149.272,296,135.28,269,124.585,247
N09000008,Mid and East Antrim,Local Government District,1.044.528,139.127,133,135.365,130,127.452,122
N09000009,Mid Ulster,Local Government District,1.823.034,150.598,83,139.011,76,119.112,65
N09000010,"Newry, Mourne and Down",Local Government District,1.628.277,182.345,112,172.276,106,153.726,94
